    COMMERCIAL VOICEOVER|0|Can't get the monkey off your back|cannot get the monkey off your back
    COMMERCIAL VOICEOVER|0|Then put it in your mouth|then put it in your mouth
    COMMERCIAL VOICEOVER|0|COMMERCIAL VOICEOVER:|commercial voiceover
    COMMERCIAL VOICEOVER|0|With MonkeyShine Beer|with monkeyshine beer
    COMMERCIAL VOICEOVER|0|MonkeyShine Beer, 'cause it's a jungle out there|monkeyshine beer because it is a jungle out there
    COMMERCIAL VOICEOVER|0|]    ROSS: That commercial always makes me so sad|ross that commercial always makes me so sad
    COMMERCIAL VOICEOVER|0|JOEY: Yeah, but then the guy opens his beer and those girls run at him, so, everything seems to work out OK|joey yeah but then the guy opens his beer and those girls run at him so everything seems to work out ok
    COMMERCIAL VOICEOVER|0|ROSS: I meant because the monkey in it reminds me of Marcel|ross i meant because the monkey in it reminds me of marcel
    COMMERCIAL VOICEOVER|0|PHOEBE: I can see that, 'cause they both have those big brown eyes and, ya know, the little pouty chin|phoebe i can see that because they both have those big brown eyes and ya know the little pouty chin
    COMMERCIAL VOICEOVER|0|MONICA: And the fact that they're both monkeys|monica and the fact that they are both monkeys
    COMMERCIAL VOICEOVER|0|ROSS: Sometimes I wonder if I did the right thing, ya know, giving him away|ross sometimes i wonder if i did the right thing ya know giving him away
    COMMERCIAL VOICEOVER|0|RACHEL: Oh, Ross, you had to, I mean, he was humping everything in sight|rachel oh ross you had to i mean he was humping everything in sight
    COMMERCIAL VOICEOVER|0|I mean, I have a Malibu Barbi that will no longer be wearing white to her wedding|i mean i have a malibu barbi that will no longer be wearing white to her wedding
    COMMERCIAL VOICEOVER|0|ROSS: Remember when sometimes he'd borrow your hat, and, and when you got it back there'd be little monkey raisins in it|ross remember when sometimes he would borrow your hat and and when you got it back there would be little monkey raisins in it
    COMMERCIAL VOICEOVER|0|CHANDLER: Yeah, well sure, when he did it, it was funny|chandler yeah well sure when he did it it was funny
    COMMERCIAL VOICEOVER|0|When I did it to my boss's hat|when i did it to my bosss hat
    COMMERCIAL VOICEOVER|0|all of the sudden I have this big attitude problem|all of the sudden i have this big attitude problem
    COMMERCIAL VOICEOVER|0|OPENING TITLES        JOEY: Hey, hey, check it out, guess what I got|opening titles joey hey hey check it out guess what i got
    COMMERCIAL VOICEOVER|0|CHANDLER: Rhythm|chandler rhythm
    COMMERCIAL VOICEOVER|0|JOEY: No, my first fan mail|joey no my first fan mail
    COMMERCIAL VOICEOVER|0|ALL: Alright|all alright
    COMMERCIAL VOICEOVER|0|MONICA:  'Dear Dr|monica dear dr
    COMMERCIAL VOICEOVER|0|Remore, know that I love you and would do anything to have you|remore know that i love you and would do anything to have you
    COMMERCIAL VOICEOVER|0|' Gosh|gosh
    COMMERCIAL VOICEOVER|0|'Your not-so-secretive admirer, Erica Ford|your not so secretive admirer erica ford
    COMMERCIAL VOICEOVER|0|' Ooh wait, 'PS enclosed please find 14 of my eyelashes|ooh wait ps enclosed please find of my eyelashes
    COMMERCIAL VOICEOVER|0|'  RACHEL: Ya know, in crazy world, that means you're married|rachel ya know in crazy world that means you are married
    COMMERCIAL VOICEOVER|0|MONICA: This wasn't addressed to Days of Our Lives, this is, this came to your apartment|monica this was not addressed to days of our lives this is this came to your apartment
    COMMERCIAL VOICEOVER|0|There's no stamp on it, this woman was in our building|there is no stamp on it this woman was in our building
    COMMERCIAL VOICEOVER|0|JOEY: Oh my god, I got my very own stalker|joey oh my god i got my very own stalker
    COMMERCIAL VOICEOVER|0|ROSS: Hey guys|ross hey guys
    COMMERCIAL VOICEOVER|0|ALL: Hey|all hey
    COMMERCIAL VOICEOVER|0|PHOEBE: Ooh, where are you off to, Travelin' Jake|phoebe ooh where are you off to travelin jake
    COMMERCIAL VOICEOVER|0|ROSS: Well, there's this, uh, paleontology conference in L|ross well there is this uh paleontology conference in l
    COMMERCIAL VOICEOVER|0|A|a
    COMMERCIAL VOICEOVER|0|so I figured I'd go and then drive down to the zoo and surprise Marcel|so i figured i would go and then drive down to the zoo and surprise marcel
    COMMERCIAL VOICEOVER|0|CHANDLER: You know I think he will be surprised, 'till he realizes he's a monkey, and uh, you know, isn't capable of that emotion|chandler you know i think he will be surprised till he realizes he is a monkey and uh you know is not capable of that emotion
    COMMERCIAL VOICEOVER|0|RACHEL: Oh, Phoebe, that really cute guy is here again|rachel oh phoebe that really cute guy is here again
    COMMERCIAL VOICEOVER|0|PHOEBE: Oh, oh, OK, so everyone, pretend like I'm telling you a story, OK|phoebe oh oh ok so everyone pretend like i am telling you a story ok
    COMMERCIAL VOICEOVER|0|And, and it's really funny|and and it is really funny
    COMMERCIAL VOICEOVER|0|So everyone just laugh, now|so everyone just laugh now
    COMMERCIAL VOICEOVER|0|PHOEBE: I know, I know|phoebe i know i know
    COMMERCIAL VOICEOVER|0|Hello|hello
    COMMERCIAL VOICEOVER|0|ROB: Hi|rob hi
    COMMERCIAL VOICEOVER|0|I'm Rob Dohnen|i am rob dohnen
    COMMERCIAL VOICEOVER|0|PHOEBE: Hi Rob Dohnen|phoebe hi rob dohnen
    COMMERCIAL VOICEOVER|0|ROB: I don't know anything about music, but I think you're really, really great|rob i do not know anything about music but i think you are really really great
    COMMERCIAL VOICEOVER|0|PHOEBE: Oh, wow|phoebe oh wow
    COMMERCIAL VOICEOVER|0|ROB: Anyway, I schedule performers for the childrens libraries around the city and I was just thinking, have you ever thought about playing your songs for kids|rob anyway i schedule performers for the childrens libraries around the city and i was just thinking have you ever thought about playing your songs for kids
    COMMERCIAL VOICEOVER|0|PHOEBE: Oh, I would love to have kids|phoebe oh i would love to have kids
    COMMERCIAL VOICEOVER|0|you're, you're the, you're, me play the songs that I will write for them|you are you are the you are me play the songs that i will write for them
    COMMERCIAL VOICEOVER|0|JOEY: Hey, whaddya wanna do for dinner|joey hey whaddya wanna do for dinner
    COMMERCIAL VOICEOVER|0|CHANDLER: Well we could just stay in and cook for ourselves|chandler well we could just stay in and cook for ourselves
    COMMERCIAL VOICEOVER|0|CHANDLER: Hello|chandler hello
    COMMERCIAL VOICEOVER|0|ERICA: It's Erica|erica it is erica
    COMMERCIAL VOICEOVER|0|JOEY: Ah, the stalker|joey ah the stalker
    COMMERCIAL VOICEOVER|0|ERICA: Never mind, it's open|erica never mind it is open
    COMMERCIAL VOICEOVER|0|CHANDLER:  Yes, hitting her with a frying pan's a good idea|chandler yes hitting her with a frying pans a good idea
    COMMERCIAL VOICEOVER|0|We might wanna have a backup plan, though, just in case she isn't a cartoon|we might wanna have a backup plan though just in case she is not a cartoon
    COMMERCIAL VOICEOVER|0|JOEY: Let's get out of here|joey let us get out of here
    COMMERCIAL VOICEOVER|0|CHANDLER: The one time they're not home|chandler the one time they are not home
    COMMERCIAL VOICEOVER|0|JOEY: OK, we'll just leave, and when we pass her on the stairs, she won't know it's me 'cause we've never met|joey ok we will just leave and when we pass her on the stairs she will not know it is me because we have never met
    COMMERCIAL VOICEOVER|0|CHANDLER: That's how radio stars escape stalkers|chandler that is how radio stars escape stalkers
    COMMERCIAL VOICEOVER|0|JOEY: She's comin'|joey she is comin
    COMMERCIAL VOICEOVER|0|ERICA: It's me|erica it is me
    COMMERCIAL VOICEOVER|0|JOEY: Uhh, this is it, this is how we're gonna die|joey uhh this is it this is how we are gonna die
    COMMERCIAL VOICEOVER|0|Ready|ready
    COMMERCIAL VOICEOVER|0|CHANDLER: Wait, wait, wait|chandler wait wait wait
    COMMERCIAL VOICEOVER|0|ERICA: Hi|erica hi
    COMMERCIAL VOICEOVER|0|JOEY: Erica|joey erica
    COMMERCIAL VOICEOVER|0|LIPSON: Hi, Dean Lipson, zoo administrator|lipson hi dean lipson zoo administrator
    COMMERCIAL VOICEOVER|0|I was told you had a question|i was told you had a question
    COMMERCIAL VOICEOVER|0|ROSS: Well, I uh, I can't seem to find the monkey I donated last year|ross well i uh i cannot seem to find the monkey i donated last year
    COMMERCIAL VOICEOVER|0|He's a capuchan, answers to the name Marcel|he is a capuchan answers to the name marcel
    COMMERCIAL VOICEOVER|0|LIPSON: Ahh, I'm afraid I have some bad news|lipson ahh i am afraid i have some bad news
    COMMERCIAL VOICEOVER|0|Marcel has passed on|marcel has passed on
    COMMERCIAL VOICEOVER|0|ROSS: Oh my God, what happened|ross oh my god what happened
    COMMERCIAL VOICEOVER|0|LIPSON: Well he got sick, and then he got sicker, and then he got a little better but then he died|lipson well he got sick and then he got sicker and then he got a little better but then he died
    COMMERCIAL VOICEOVER|0|ROSS: I can't believe this|ross i cannot believe this
    COMMERCIAL VOICEOVER|0|LIPSON: I'm sorry Mr|lipson i am sorry mr
    COMMERCIAL VOICEOVER|0|Geller|geller
    COMMERCIAL VOICEOVER|0|But ya know, there's an old saying, 'Sometimes monkeys die|but ya know there is an old saying sometimes monkeys die
    COMMERCIAL VOICEOVER|0|' It's not a great saying but it certainly is fitting today|it is not a great saying but it certainly is fitting today
    COMMERCIAL VOICEOVER|0|ROSS: Well, ya know, someone should have called me|ross well ya know someone should have called me
    COMMERCIAL VOICEOVER|0|LIPSON: I'm sorry|lipson i am sorry
    COMMERCIAL VOICEOVER|0|Look, I know this can't bring him back but here, it's just a gesture|look i know this cannot bring him back but here it is just a gesture
    COMMERCIAL VOICEOVER|0|ROSS: Zoo dollars|ross zoo dollars
    COMMERCIAL VOICEOVER|0|LIPSON: Yes, and come see the bird show at 4|lipson yes and come see the bird show at
    COMMERCIAL VOICEOVER|0|The macaws wear hats|the macaws wear hats
    COMMERCIAL VOICEOVER|0|Well it's a lot cuter if your monkey hasn't just died|well it is a lot cuter if your monkey has not just died
    COMMERCIAL VOICEOVER|0|KIDS: Ooohhh|kids ooohhh
    COMMERCIAL VOICEOVER|0|PHOEBE: I know|phoebe i know
    COMMERCIAL VOICEOVER|0|MONICA: I can't believe Joey's having lunch with his stalker|monica i cannot believe joeys having lunch with his stalker
    COMMERCIAL VOICEOVER|0|What i-, what is she like|what i what is she like
    COMMERCIAL VOICEOVER|0|CHANDLER: Well, you remember Cathy Bates in Misery|chandler well you remember cathy bates in misery
    COMMERCIAL VOICEOVER|0|RACHEL AND MONICA: Yeah|rachel and monica yeah
    COMMERCIAL VOICEOVER|0|CHANDLER: Well, she looks the exact opposite of that|chandler well she looks the exact opposite of that
    COMMERCIAL VOICEOVER|0|RACHEL: And she's not crazy|rachel and she is not crazy
    COMMERCIAL VOICEOVER|0|CHANDLER: Oh no no no, she's a total wack job|chandler oh no no no she is a total wack job
    COMMERCIAL VOICEOVER|0|Yeah, she thinks that Joey is actually Dr|yeah she thinks that joey is actually dr
    COMMERCIAL VOICEOVER|0|Drake Remore|drake remore
    COMMERCIAL VOICEOVER|0|RACHEL: Oh my God|rachel oh my god
    COMMERCIAL VOICEOVER|0|MONICA: Ah, and I mean, he's going out with her|monica ah and i mean he is going out with her
    COMMERCIAL VOICEOVER|0|He can not persue this|he can not persue this
    COMMERCIAL VOICEOVER|0|CHANDLER: Hey, just because this woman thinks she can actually see Joey through the magical box in her living room doesn't mean she's not a person|chandler hey just because this woman thinks she can actually see joey through the magical box in her living room does not mean she is not a person
    COMMERCIAL VOICEOVER|0|I mean, does she not deserve happiness, does she not deserve love|i mean does she not deserve happiness does she not deserve love
    COMMERCIAL VOICEOVER|0|What're you lookin' at me for|what are you lookin at me for
    COMMERCIAL VOICEOVER|0|He's the one who wants to boff the maniac|he is the one who wants to boff the maniac
    COMMERCIAL VOICEOVER|0|ROB: You OK|rob you ok
    COMMERCIAL VOICEOVER|0|PHOEBE: No, uh-uh, I'm just, I'm nervous|phoebe no uh uh i am just i am nervous
    COMMERCIAL VOICEOVER|0|So, you know what, maybe if I just, if I picture them all in their underwear|so you know what maybe if i just if i picture them all in their underwear
    COMMERCIAL VOICEOVER|0|ROB: That's not a good idea, that's kinda the reason the last guy got fired|rob that is not a good idea that is kinda the reason the last guy got fired
    COMMERCIAL VOICEOVER|0|PHOEBE: I'm just, I'm, I'm, I'm used to playing for grown-ups|phoebe i am just i am i am i am used to playing for grown ups
    COMMERCIAL VOICEOVER|0|Ya know, they just, grown-ups drink their coffee and do their grown-up thing, ya know, and kids listen|ya know they just grown ups drink their coffee and do their grown up thing ya know and kids listen
    COMMERCIAL VOICEOVER|0|This is a huge responsibility|this is a huge responsibility
    COMMERCIAL VOICEOVER|0|What|what
    COMMERCIAL VOICEOVER|0|Are you gonna kiss me|are you gonna kiss me
    COMMERCIAL VOICEOVER|0|ROSS: I was thinkin' about it|ross i was thinkin about it
    COMMERCIAL VOICEOVER|0|PHOEBE: OK|phoebe ok
    COMMERCIAL VOICEOVER|0|OK, alrighty, let's play some tunes|ok alrighty let us play some tunes
    COMMERCIAL VOICEOVER|0|Hi everybody, I'm Phoebe  ALL: Hi Phoebe|hi everybody i am phoebe all hi phoebe
    COMMERCIAL VOICEOVER|0|PHOEBE: OK, um, I'm gonna play, um, some songs about grandparents, OK|phoebe ok um i am gonna play um some songs about grandparents ok
    COMMERCIAL VOICEOVER|0|Now, grandma's a person who everyone likes, she bought you a train and a bright, shiny bike|now grandmas a person who everyone likes she bought you a train and a bright shiny bike
    COMMERCIAL VOICEOVER|0|But lately she hasn't been coming to dinner, And last time you saw her she looked so much thinner|but lately she has not been coming to dinner and last time you saw her she looked so much thinner
    COMMERCIAL VOICEOVER|0|Now, your mom and your dad said she moved to Peru, but the truth is she died and some day you will too|now your mom and your dad said she moved to peru but the truth is she died and some day you will too
    COMMERCIAL VOICEOVER|0|La-la-la la la-la-la la la-la-la la|la la la la la la la la la la la la
    COMMERCIAL VOICEOVER|0|ERICA: Oh, Drake, isn't it amazing|erica oh drake is not it amazing
    COMMERCIAL VOICEOVER|0|JOEY: Yeah it is|joey yeah it is
    COMMERCIAL VOICEOVER|0|what|what
    COMMERCIAL VOICEOVER|0|ERICA: Well, here we sit, devil may care, just a little while ago you were reattaching someone's spinal cord|erica well here we sit devil may care just a little while ago you were reattaching someones spinal cord
    COMMERCIAL VOICEOVER|0|JOEY: Yeah, that was a tricky one|joey yeah that was a tricky one
    COMMERCIAL VOICEOVER|0|In reality, that operation takes like, over 10 hours, but they only showed it for 2 minites|in reality that operation takes like over hours but they only showed it for minites
    COMMERCIAL VOICEOVER|0|ERICA: Who's they|erica who is they
    COMMERCIAL VOICEOVER|0|JOEY: No one|joey no one
    COMMERCIAL VOICEOVER|0|ERICA: Oh Drake, you are so talented, let me see those hands|erica oh drake you are so talented let me see those hands
    COMMERCIAL VOICEOVER|0|Oh these hands, these beautiful hands, oh I could just eat them|oh these hands these beautiful hands oh i could just eat them
    COMMERCIAL VOICEOVER|0|but I won't|but i will not
    COMMERCIAL VOICEOVER|0|JOEY: Good, otherwise my watch would fall off|joey good otherwise my watch would fall off
    COMMERCIAL VOICEOVER|0|ERICA: No, seriously|erica no seriously
    COMMERCIAL VOICEOVER|0|These hands|these hands
    COMMERCIAL VOICEOVER|0|These miracle, magical, life-giving hands|these miracle magical life giving hands
    COMMERCIAL VOICEOVER|0|Oh, just to be near them, touch them, maybe even lick one|oh just to be near them touch them maybe even lick one
    COMMERCIAL VOICEOVER|0|JOEY: Alright, just one|joey alright just one
    COMMERCIAL VOICEOVER|0|Wow, you're good at that|wow you are good at that
    COMMERCIAL VOICEOVER|0|WAITER: Oh my God|waiter oh my god
    COMMERCIAL VOICEOVER|0|Someone, he's choking|someone he is choking
    COMMERCIAL VOICEOVER|0|Is anyone here a doctor|is anyone here a doctor
    COMMERCIAL VOICEOVER|0|ERICA: Well, yes, yes, the best doctor in all of Salem, Dr|erica well yes yes the best doctor in all of salem dr
    COMMERCIAL VOICEOVER|0|Drake Remore|drake remore
    COMMERCIAL VOICEOVER|0|JANITOR: Meet me in the nocturnal house in 15 minutes|janitor meet me in the nocturnal house in minutes
    COMMERCIAL VOICEOVER|0|ROSS: Uhh, hey look, I don't really enjoy being with other men that way|ross uhh hey look i do not really enjoy being with other men that way
    COMMERCIAL VOICEOVER|0|But, um, zoo dollars|but um zoo dollars
    COMMERCIAL VOICEOVER|0|JANITOR: It's about your monkey|janitor it is about your monkey
    COMMERCIAL VOICEOVER|0|It's alive|it is alive
    COMMERCIAL VOICEOVER|0|ERICA: I don't understand, why didn't you help that man|erica i do not understand why did not you help that man
    COMMERCIAL VOICEOVER|0|JOEY: Uhh, cause, uhh, I'm a neurosurgeon and that was clearly a case of, uh, uh, foodal chokage|joey uhh cause uhh i am a neurosurgeon and that was clearly a case of uh uh foodal chokage
    COMMERCIAL VOICEOVER|0|Alright, look, I got to tell you something|alright look i got to tell you something
    COMMERCIAL VOICEOVER|0|ERICA: No, no no no, you don't have to tell me anything|erica no no no no you do not have to tell me anything
    COMMERCIAL VOICEOVER|0|You don't have to explain yourself to me|you do not have to explain yourself to me
    COMMERCIAL VOICEOVER|0|Ooh, who am I to question the great Dr|ooh who am i to question the great dr
    COMMERCIAL VOICEOVER|0|Drake Remore|drake remore
    COMMERCIAL VOICEOVER|0|JOEY: But that's what|joey but that is what
    COMMERCIAL VOICEOVER|0|ERICA: I should just be happy to be near you|erica i should just be happy to be near you
    COMMERCIAL VOICEOVER|0|JOEY: Hey I-   ERICA: Hey what|joey hey i erica hey what
    COMMERCIAL VOICEOVER|0|JOEY: That's it, just hey|joey that is it just hey
    COMMERCIAL VOICEOVER|0|Like at the end of a dance, HEY|like at the end of a dance hey
    COMMERCIAL VOICEOVER|0|Hey|hey
    COMMERCIAL VOICEOVER|0|He-hey|he hey
    COMMERCIAL VOICEOVER|0|PHOEBE:  There'll be times when you get older when you'll want to sleep with people just to make them like you|phoebe therell be times when you get older when you will want to sleep with people just to make them like you
    COMMERCIAL VOICEOVER|0|But don't|but do not
    COMMERCIAL VOICEOVER|0|Cause that's another thing that you don't wanna do, everybody That's another thing that you don't wanna do|cause that is another thing that you do not wanna do everybody that is another thing that you do not wanna do
    COMMERCIAL VOICEOVER|0|MONICA: Excellent|monica excellent
    COMMERCIAL VOICEOVER|0|CHANDLER: Very informative|chandler very informative
    COMMERCIAL VOICEOVER|0|RACHEL: Not at all inappropriate|rachel not at all inappropriate
    COMMERCIAL VOICEOVER|0|PHOEBE: Thank you for coming everybody|phoebe thank you for coming everybody
    COMMERCIAL VOICEOVER|0|There're cookies in the back|therere cookies in the back
    COMMERCIAL VOICEOVER|0|ROB: That was great, the kids loved you|rob that was great the kids loved you
    COMMERCIAL VOICEOVER|0|PHOEBE: Yay, I rock|phoebe yay i rock
    COMMERCIAL VOICEOVER|0|ROB: And you know why|rob and you know why
    COMMERCIAL VOICEOVER|0|Because you told the truth, and nobody ever tells kids the truth|because you told the truth and nobody ever tells kids the truth
    COMMERCIAL VOICEOVER|0|You were incredible|you were incredible
    COMMERCIAL VOICEOVER|0|PHOEBE: But|phoebe but
    COMMERCIAL VOICEOVER|0|ROB: How did you know there was a but|rob how did you know there was a but
    COMMERCIAL VOICEOVER|0|PHOEBE: I sense these things|phoebe i sense these things
    COMMERCIAL VOICEOVER|0|It was either but or butter|it was either but or butter
    COMMERCIAL VOICEOVER|0|ROB: The thing is, I think some of the parents, they were kinda hopin' that you'd play more songs about like, barnyard animals|rob the thing is i think some of the parents they were kinda hopin that you would play more songs about like barnyard animals
    COMMERCIAL VOICEOVER|0|PHOEBE: I can do that|phoebe i can do that
    COMMERCIAL VOICEOVER|0|ROB: Really|rob really
    COMMERCIAL VOICEOVER|0|PHOEBE: Yeah|phoebe yeah
    COMMERCIAL VOICEOVER|0|ROB: Because that would be fantastic|rob because that would be fantastic
    COMMERCIAL VOICEOVER|0|What|what
    COMMERCIAL VOICEOVER|0|You wanna kiss me|you wanna kiss me
    COMMERCIAL VOICEOVER|0|PHOEBE: Thinkin' about it|phoebe thinkin about it
    COMMERCIAL VOICEOVER|0|JANITOR: Ahh, the bat|janitor ahh the bat
    COMMERCIAL VOICEOVER|0|Ambassador of darkness, flitting out of his cave like a winged messenger, sightless spectre of the macabe|ambassador of darkness flitting out of his cave like a winged messenger sightless spectre of the macabe
    COMMERCIAL VOICEOVER|0|ROSS: Buddy, my monkey|ross buddy my monkey
    COMMERCIAL VOICEOVER|0|JANITOR: Oh, yeah, right|janitor oh yeah right
    COMMERCIAL VOICEOVER|0|There was a break-in, few months back, inside job|there was a break in few months back inside job
    COMMERCIAL VOICEOVER|0|Your monkey was taken|your monkey was taken
    COMMERCIAL VOICEOVER|0|ROSS: Oh my God|ross oh my god
    COMMERCIAL VOICEOVER|0|But the zoo told me that my monkey was dead|but the zoo told me that my monkey was dead
    COMMERCIAL VOICEOVER|0|JANITOR: The zoo|janitor the zoo
    COMMERCIAL VOICEOVER|0|Do you believe everything the zoo tells ya|do you believe everything the zoo tells ya
    COMMERCIAL VOICEOVER|0|ROSS: That, that's the only thing the zoo's ever told me|ross that that is the only thing the zoos ever told me
    COMMERCIAL VOICEOVER|0|JANITOR: Of course they're gonna say he's dead|janitor of course they are gonna say he is dead
    COMMERCIAL VOICEOVER|0|They don't want the bad publicity|they do not want the bad publicity
    COMMERCIAL VOICEOVER|0|It's all a great big cover-up|it is all a great big cover up
    COMMERCIAL VOICEOVER|0|Do you have any idea how high up this thing goes|do you have any idea how high up this thing goes
    COMMERCIAL VOICEOVER|0|ROSS: That guy Lipson|ross that guy lipson
    COMMERCIAL VOICEOVER|0|JANITOR: Lipson knows|janitor lipson knows
    COMMERCIAL VOICEOVER|0|Do you have any idea who else knows|do you have any idea who else knows
    COMMERCIAL VOICEOVER|0|ROSS: No, I, I only know Lipson|ross no i i only know lipson
    COMMERCIAL VOICEOVER|0|JANITOR: Hmm, Lipson knows huh|janitor hmm lipson knows huh
    COMMERCIAL VOICEOVER|0|Ahh, hello Mr|ahh hello mr
    COMMERCIAL VOICEOVER|0|Opossum, enigma of the trees, upside-down denizen of the night, taunting gravity with|opossum enigma of the trees upside down denizen of the night taunting gravity with
    COMMERCIAL VOICEOVER|0|ROSS: Buddy, my monkey, my monkey|ross buddy my monkey my monkey
    COMMERCIAL VOICEOVER|0|JANITOR: Word on the street - well, when I say street, I mean those little pretend streets they have here at the zoo|janitor word on the street well when i say street i mean those little pretend streets they have here at the zoo
    COMMERCIAL VOICEOVER|0|ROSS: Of course|ross of course
    COMMERCIAL VOICEOVER|0|JANITOR: Your monkey found a new career, in the entertainment field|janitor your monkey found a new career in the entertainment field
    COMMERCIAL VOICEOVER|0|That's all I know|that is all i know
    COMMERCIAL VOICEOVER|0|ROSS: This is unbelievable|ross this is unbelievable
    COMMERCIAL VOICEOVER|0|JANITOR: So, what is this information worth to you, my friend|janitor so what is this information worth to you my friend
    COMMERCIAL VOICEOVER|0|ROSS: Are you trying to get me to bribe you|ross are you trying to get me to bribe you
    COMMERCIAL VOICEOVER|0|JANITOR: Maybe|janitor maybe
    COMMERCIAL VOICEOVER|0|ROSS: But you already told me everything|ross but you already told me everything
    COMMERCIAL VOICEOVER|0|ROSS: Check it out, he actually is the MonkeyShine monkey|ross check it out he actually is the monkeyshine monkey
    COMMERCIAL VOICEOVER|0|RACHEL: Well, so what're you gonna do|rachel well so what are you gonna do
    COMMERCIAL VOICEOVER|0|ROSS: Well, I guess I'm gonna call the beer company and try to find out where he is|ross well i guess i am gonna call the beer company and try to find out where he is
    COMMERCIAL VOICEOVER|0|CHANDLER: That's what I did when I lost my Clydesdales|chandler that is what i did when i lost my clydesdales
    COMMERCIAL VOICEOVER|0|PHOEBE: OK, hi again|phoebe ok hi again
    COMMERCIAL VOICEOVER|0|ALL: Hi Phoebe|all hi phoebe
    COMMERCIAL VOICEOVER|0|PHOEBE: Today we're gonna start with some songs about barnyard animals|phoebe today we are gonna start with some songs about barnyard animals
    COMMERCIAL VOICEOVER|0|Oh, the cow in the meadow goes moo, Oh, the cow in the meadow goes moo|oh the cow in the meadow goes moo oh the cow in the meadow goes moo
    COMMERCIAL VOICEOVER|0|Then the farmer hits him on the head and grinds him up, And that's how we get hamburgers|then the farmer hits him on the head and grinds him up and that is how we get hamburgers
    COMMERCIAL VOICEOVER|0|Nooowww, chickens|nooowww chickens
    COMMERCIAL VOICEOVER|0|TV DOCTOR: You're the only one who can save her Drake|tv doctor you are the only one who can save her drake
    COMMERCIAL VOICEOVER|0|JOEY ON TV: Damnit, I'm a doctor, I'm not God|joey on tv damnit i am a doctor i am not god
    COMMERCIAL VOICEOVER|0|ROSS: Well, there goes my whole belief system|ross well there goes my whole belief system
    COMMERCIAL VOICEOVER|0|ERICA: It's Erica|erica it is erica
    COMMERCIAL VOICEOVER|0|JOEY: Oh my God, quick turn off the TV|joey oh my god quick turn off the tv
    COMMERCIAL VOICEOVER|0|RACHEL: No no no, wait, I wanna see what happens|rachel no no no wait i wanna see what happens
    COMMERCIAL VOICEOVER|0|JOEY: Uh, I get Leslie out of the coma and then we make out|joey uh i get leslie out of the coma and then we make out
    COMMERCIAL VOICEOVER|0|RACHEL: Well how can that be, you were just kissing Sabrina|rachel well how can that be you were just kissing sabrina
    COMMERCIAL VOICEOVER|0|MONICA: Rachel, it's a world where Joey is a neuro-surgeon|monica rachel it is a world where joey is a neuro surgeon
    COMMERCIAL VOICEOVER|0|JOEY: Hey Erica, c'mon in|joey hey erica cmon in
    COMMERCIAL VOICEOVER|0|ERICA: How did you get here so fast, I just saw you in Salem|erica how did you get here so fast i just saw you in salem
    COMMERCIAL VOICEOVER|0|JOEY: Right, they uh, they choppered me in|joey right they uh they choppered me in
    COMMERCIAL VOICEOVER|0|What's up|what is up
    COMMERCIAL VOICEOVER|0|ERICA: Ohh, and I see you're having a little party too|erica ohh and i see you are having a little party too
    COMMERCIAL VOICEOVER|0|Is she here, huh, huh|is she here huh huh
    COMMERCIAL VOICEOVER|0|JOEY: Who|joey who
    COMMERCIAL VOICEOVER|0|ERICA: Sabrina|erica sabrina
    COMMERCIAL VOICEOVER|0|I know about you two|i know about you two
    COMMERCIAL VOICEOVER|0|I saw you today kissing in the doctor's lounge|i saw you today kissing in the doctors lounge
    COMMERCIAL VOICEOVER|0|JOEY: It's not what you think, that was|joey it is not what you think that was
    COMMERCIAL VOICEOVER|0|ERICA: You told me I was the only one|erica you told me i was the only one
    COMMERCIAL VOICEOVER|0|JOEY: Alright look, that's it|joey alright look that is it
    COMMERCIAL VOICEOVER|0|I don't think we should see each other anymore, alright|i do not think we should see each other anymore alright
    COMMERCIAL VOICEOVER|0|Look, I know I should have told you this a long time ago but I am not Drake Remore, OK|look i know i should have told you this a long time ago but i am not drake remore ok
    COMMERCIAL VOICEOVER|0|I'm not even a doctor, I'm an actor|i am not even a doctor i am an actor
    COMMERCIAL VOICEOVER|0|I just pretend to be a doctor|i just pretend to be a doctor
    COMMERCIAL VOICEOVER|0|ERICA: Oh my God|erica oh my god
    COMMERCIAL VOICEOVER|0|Do the people at the hospital know about this|do the people at the hospital know about this
    COMMERCIAL VOICEOVER|0|JOEY: Somebody wanna help me out here|joey somebody wanna help me out here
    COMMERCIAL VOICEOVER|0|RACHEL: Oh, I know, I know|rachel oh i know i know
    COMMERCIAL VOICEOVER|0|ERICA: How, how can you be here and there|erica how how can you be here and there
    COMMERCIAL VOICEOVER|0|JOEY: 'Cause it's a television show|joey because it is a television show
    COMMERCIAL VOICEOVER|0|ERICA: Drake, what're you getting at|erica drake what are you getting at
    COMMERCIAL VOICEOVER|0|JOEY: I'm not Drake|joey i am not drake
    COMMERCIAL VOICEOVER|0|ROSS: That's right, he's not Drake, he's Hans Remore, Drake's evil twin|ross that is right he is not drake he is hans remore drakes evil twin
    COMMERCIAL VOICEOVER|0|ERICA: Is this true|erica is this true
    COMMERCIAL VOICEOVER|0|RACHEL: Yes, yes it is true|rachel yes yes it is true
    COMMERCIAL VOICEOVER|0|And I know this because, because he pretended to be Drake to, to sleep with me|and i know this because because he pretended to be drake to to sleep with me
    COMMERCIAL VOICEOVER|0|MONICA: And then he told me he would run away with me, and he didn't|monica and then he told me he would run away with me and he did not
    COMMERCIAL VOICEOVER|0|CHANDLER: And you left the toilet seat up, you bastard|chandler and you left the toilet seat up you bastard
    COMMERCIAL VOICEOVER|0|ERICA: Is all this true|erica is all this true
    COMMERCIAL VOICEOVER|0|JOEY: Yes, I'm afraid it is|joey yes i am afraid it is
    COMMERCIAL VOICEOVER|0|You deserve much better than me Erica|you deserve much better than me erica
    COMMERCIAL VOICEOVER|0|You deserve to be with the real Drake, he's the one you fell in love with|you deserve to be with the real drake he is the one you fell in love with
    COMMERCIAL VOICEOVER|0|Go to Salem, find him, he's the guy for you|go to salem find him he is the guy for you
    COMMERCIAL VOICEOVER|0|ERICA: Oh Hans|erica oh hans
    COMMERCIAL VOICEOVER|0|ROSS: Hans|ross hans
    COMMERCIAL VOICEOVER|0|Hans|hans
    COMMERCIAL VOICEOVER|0|Yo evil twin|yo evil twin
    COMMERCIAL VOICEOVER|0|JOEY: Right|joey right
    COMMERCIAL VOICEOVER|0|Goodbye Erica, good luck in Salem|goodbye erica good luck in salem
    COMMERCIAL VOICEOVER|0|Take care  ERICA: I'll never forget you Hans|take care erica i will never forget you hans
    COMMERCIAL VOICEOVER|0|JOEY: OK, alright, the people who threw the water|joey ok alright the people who threw the water
    COMMERCIAL VOICEOVER|0|PHOEBE: Fired|phoebe fired
    COMMERCIAL VOICEOVER|0|Why|why
    COMMERCIAL VOICEOVER|0|ROB: The library board has had a lot of complaints from parents about some of the stuff in your songs|rob the library board has had a lot of complaints from parents about some of the stuff in your songs
    COMMERCIAL VOICEOVER|0|PHOEBE: I can't believe it|phoebe i cannot believe it
    COMMERCIAL VOICEOVER|0|Did you tell your board about how kids want to hear the truth|did you tell your board about how kids want to hear the truth
    COMMERCIAL VOICEOVER|0|ROB: No|rob no
    COMMERCIAL VOICEOVER|0|PHOEBE: I see|phoebe i see
    COMMERCIAL VOICEOVER|0|ROB: Maybe if you just played some regular kiddie songs|rob maybe if you just played some regular kiddie songs
    COMMERCIAL VOICEOVER|0|PHOEBE: No|phoebe no
    COMMERCIAL VOICEOVER|0|What do you, what do you want me to be, like some stupid, big, like, purple dinosaur|what do you what do you want me to be like some stupid big like purple dinosaur
    COMMERCIAL VOICEOVER|0|ROB: I'm not saying you have to be Barney|rob i am not saying you have to be barney
    COMMERCIAL VOICEOVER|0|PHOEBE: Who's Barney|phoebe who is barney
    COMMERCIAL VOICEOVER|0|ROSS: Well, I tracked down Marcel and get this, he's healthy, he's happy, and he's right here in New York filming Outbreak II - The Virus Takes Manhattan|ross well i tracked down marcel and get this he is healthy he is happy and he is right here in new york filming outbreak ii the virus takes manhattan
    COMMERCIAL VOICEOVER|0|RACHEL: You're kidding|rachel you are kidding
    COMMERCIAL VOICEOVER|0|JOEY: This is amazing|joey this is amazing
    COMMERCIAL VOICEOVER|0|ROSS: I know|ross i know
    COMMERCIAL VOICEOVER|0|JOEY: I finally get a part on TV and the monkey's makin' movies|joey i finally get a part on tv and the monkeys makin movies
    COMMERCIAL VOICEOVER|0|PHOEBE: OK, Rachel, I'm ready|phoebe ok rachel i am ready
    COMMERCIAL VOICEOVER|0|RACHEL: OK|rachel ok
    COMMERCIAL VOICEOVER|0|KID: Excuse me|kid excuse me
    COMMERCIAL VOICEOVER|0|Is this where the singing lady is that tells the truth|is this where the singing lady is that tells the truth
    COMMERCIAL VOICEOVER|0|PHOEBE: Um, yeah I guess that's me|phoebe um yeah i guess that is me
    COMMERCIAL VOICEOVER|0|KID:  She's here|kid she is here
    COMMERCIAL VOICEOVER|0|PHOEBE:  Sometimes men love women, sometimes men love men, and then there are bisexuals, though some just say they're kidding themselves|phoebe sometimes men love women sometimes men love men and then there are bisexuals though some just say they are kidding themselves
    COMMERCIAL VOICEOVER|0|la la-la-la la-la-la-la-la-la-la|la la la la la la la la la la la
    COMMERCIAL VOICEOVER|0|ROSS: This is so exciting, I haven't seen my monkey in almost a year|ross this is so exciting i have not seen my monkey in almost a year
    COMMERCIAL VOICEOVER|0|CHANDLER: What, you never look down in the shower|chandler what you never look down in the shower
    COMMERCIAL VOICEOVER|0|Oh please|oh please
    COMMERCIAL VOICEOVER|0|I'm not allowed to make one joke in the monkey-is-penis genre|i am not allowed to make one joke in the monkey is penis genre
    COMMERCIAL VOICEOVER|0|SECURITY GUARD: C'mon people, back up please, back up, c'mon, c'mon, c'mon, c'mon|security guard cmon people back up please back up cmon cmon cmon cmon
    COMMERCIAL VOICEOVER|0|ROSS: Uh, excuse me, uh, where can we find the monkey|ross uh excuse me uh where can we find the monkey
    COMMERCIAL VOICEOVER|0|SECURITY GUARD: I'm sorry guys, closed set|security guard i am sorry guys closed set
    COMMERCIAL VOICEOVER|0|ROSS: Uh, I'm sorry, you don't understand, I'm, I'm, I'm a friend of his|ross uh i am sorry you do not understand i am i am i am a friend of his
    COMMERCIAL VOICEOVER|0|We uh, we used to live together|we uh we used to live together
    COMMERCIAL VOICEOVER|0|SECURITY GUARD: Yeah, and I have a time share in the Pocanos with Flipper|security guard yeah and i have a time share in the pocanos with flipper
    COMMERCIAL VOICEOVER|0|MONICA: Ross, there he is|monica ross there he is
    COMMERCIAL VOICEOVER|0|ROSS: Hey, hey buddy, Marcel|ross hey hey buddy marcel
    COMMERCIAL VOICEOVER|0|Marcel|marcel
    COMMERCIAL VOICEOVER|0|In the jungle, the mighty jungle the lion sleeps tonight|in the jungle the mighty jungle the lion sleeps tonight
    COMMERCIAL VOICEOVER|0|In the jungle, the mighty jungle the lion sleeps tonight|in the jungle the mighty jungle the lion sleeps tonight
    COMMERCIAL VOICEOVER|0|a-weema-way, a-weema-way|a weema way a weema way
    COMMERCIAL VOICEOVER|0|SECURITY GUARD: Uh, excuse me folks this is a uhh|security guard uh excuse me folks this is a uhh
    COMMERCIAL VOICEOVER|0|JOEY: Closed set|joey closed set
    COMMERCIAL VOICEOVER|0|We know but we're friends with the monkey|we know but we are friends with the monkey
    COMMERCIAL VOICEOVER|0|ROSS: Good morning|ross good morning
    COMMERCIAL VOICEOVER|0|Hey pal, look who I brought|hey pal look who i brought
    COMMERCIAL VOICEOVER|0|It's your old friend Harry Elefante|it is your old friend harry elefante
    COMMERCIAL VOICEOVER|0|JOEY: Woah, dude, burn|joey woah dude burn
    COMMERCIAL VOICEOVER|0|ROSS: I don't get it, he seemed so happy to see me yesterday|ross i do not get it he seemed so happy to see me yesterday
    COMMERCIAL VOICEOVER|0|TRAINER: Hey don't take it personal, he's under a lot of pressure, ya know, starring in a movie and all|trainer hey do not take it personal he is under a lot of pressure ya know starring in a movie and all
    COMMERCIAL VOICEOVER|0|RACHEL: Now just how big of a star is Marcel|rachel now just how big of a star is marcel
    COMMERCIAL VOICEOVER|0|TRAINER: In human terms, I'd say Cybill Shepard|trainer in human terms i would say cybill shepard
    COMMERCIAL VOICEOVER|0|ALL: Woah|all woah
    COMMERCIAL VOICEOVER|0|CHANDLER:  So, are you guys in the movie, or are you just really paranoid|chandler so are you guys in the movie or are you just really paranoid
    COMMERCIAL VOICEOVER|0|DIRECTOR'S ASSISTANT: Hey Sal, Jerry wants to know if the monkey's ready for the subway set|directors assistant hey sal jerry wants to know if the monkeys ready for the subway set
    COMMERCIAL VOICEOVER|0|JOEY: Uh, excuse me|joey uh excuse me
    COMMERCIAL VOICEOVER|0|Jerry is the director, which one's he|jerry is the director which ones he
    COMMERCIAL VOICEOVER|0|DIRECTOR'S ASSISTANT: The one in the director's chair|directors assistant the one in the directors chair
    COMMERCIAL VOICEOVER|0|JOEY: Gotcha|joey gotcha
    COMMERCIAL VOICEOVER|0|Phoebs, walk with me|phoebs walk with me
    COMMERCIAL VOICEOVER|0|PHOEBE: OK|phoebe ok
    COMMERCIAL VOICEOVER|0|Um, how come I'm walking with you|um how come i am walking with you
    COMMERCIAL VOICEOVER|0|JOEY: Well, we're, we're just goin' over here so that we can get away from the horrible flesh eating virus, for the love of God woman, listen to me|joey well we are we are just goin over here so that we can get away from the horrible flesh eating virus for the love of god woman listen to me
    COMMERCIAL VOICEOVER|0|Is he lookin', is he lookin'|is he lookin is he lookin
    COMMERCIAL VOICEOVER|0|SUSIE: We've got a problem|susie we have got a problem
    COMMERCIAL VOICEOVER|0|DIRECTOR'S ASSISTANT: Tell me|directors assistant tell me
    COMMERCIAL VOICEOVER|0|SUSIE: I can't do Chris's makeup|susie i cannot do chriss makeup
    COMMERCIAL VOICEOVER|0|She refuses to acknowledge that she has a moustasche|she refuses to acknowledge that she has a moustasche
    COMMERCIAL VOICEOVER|0|DIRECTOR'S ASSISTANT: Is it bad|directors assistant is it bad
    COMMERCIAL VOICEOVER|0|SUSIE: It looks like one of her eyebrows fell down|susie it looks like one of her eyebrows fell down
    COMMERCIAL VOICEOVER|0|Now unless someone convinces her to let me bleach it, Jean-Claude Van Damme is gonna be making out with Gabe Kaplan|now unless someone convinces her to let me bleach it jean claude van damme is gonna be making out with gabe kaplan
    COMMERCIAL VOICEOVER|0|DIRECTOR'S ASSISTANT: I'll talk to her|directors assistant i will talk to her
    COMMERCIAL VOICEOVER|0|SUSIE: I hate actors|susie i hate actors
    COMMERCIAL VOICEOVER|0|CHANDLER:  Nice camoflauge man, for a minute there I almost didn't see ya|chandler nice camoflauge man for a minute there i almost did not see ya
    COMMERCIAL VOICEOVER|0|SUSIE: Excuse me|susie excuse me
    COMMERCIAL VOICEOVER|0|CHANDLER: Ahhhh|chandler ahhhh
    COMMERCIAL VOICEOVER|0|SUSIE: Uh, is your name Chandler|susie uh is your name chandler
    COMMERCIAL VOICEOVER|0|CHANDLER: Uh, yes, yes it is|chandler uh yes yes it is
    COMMERCIAL VOICEOVER|0|SUSIE: Chandler Bing|susie chandler bing
    COMMERCIAL VOICEOVER|0|CHANDLER: Do you know me or are you just really good at this game|chandler do you know me or are you just really good at this game
    COMMERCIAL VOICEOVER|0|SUSIE: I'm Susie Moss|susie i am susie moss
    COMMERCIAL VOICEOVER|0|Fourth grade, glasses, I used to carry around a box of animal crackers like a purse|fourth grade glasses i used to carry around a box of animal crackers like a purse
    COMMERCIAL VOICEOVER|0|CHANDLER: Susie Moss, right, yeah, wow, you look|chandler susie moss right yeah wow you look
    COMMERCIAL VOICEOVER|0|great job growing up|great job growing up
    COMMERCIAL VOICEOVER|0|SUSIE: It's nice to see you're not still wearing that denim cap with all the little mirrors on it|susie it is nice to see you are not still wearing that denim cap with all the little mirrors on it
    COMMERCIAL VOICEOVER|0|CHANDLER: Oh, right, well yeah, I graduated fourth grade and realized I wasn't a pimp|chandler oh right well yeah i graduated fourth grade and realized i was not a pimp
    COMMERCIAL VOICEOVER|0|SUSIE: Remember the class play|susie remember the class play
    COMMERCIAL VOICEOVER|0|You, you pulled up my skirt and the entire auditorium saw my underpants|you you pulled up my skirt and the entire auditorium saw my underpants
    COMMERCIAL VOICEOVER|0|CHANDLER: Yes, back then I, uh, used humor as a defense mechanism|chandler yes back then i uh used humor as a defense mechanism
    COMMERCIAL VOICEOVER|0|Thank God I don't do that anymore|thank god i do not do that anymore
    COMMERCIAL VOICEOVER|0|MONICA: Oh my God, oh my God, oh my God|monica oh my god oh my god oh my god
    COMMERCIAL VOICEOVER|0|RACHEL: What what what what|rachel what what what what
    COMMERCIAL VOICEOVER|0|MONICA: Jean-Claude Van Damme|monica jean claude van damme
    COMMERCIAL VOICEOVER|0|I didn't know he was in this movie, he is so hot|i did not know he was in this movie he is so hot
    COMMERCIAL VOICEOVER|0|RACHEL: Ya think|rachel ya think
    COMMERCIAL VOICEOVER|0|MONICA: The muscles from Brussels, wham bam Van Damme, did you see Time Cop|monica the muscles from brussels wham bam van damme did you see time cop
    COMMERCIAL VOICEOVER|0|RACHEL: No, was he any good in it|rachel no was he any good in it
    COMMERCIAL VOICEOVER|0|MONICA: Rachel, he like, totally changed time|monica rachel he like totally changed time
    COMMERCIAL VOICEOVER|0|RACHEL: Wow, so why don't you go talk to him|rachel wow so why do not you go talk to him
    COMMERCIAL VOICEOVER|0|MONICA: Oh, yeah|monica oh yeah
    COMMERCIAL VOICEOVER|0|RACHEL: What, so you go over there, you tell him you think he's cute, what's the worst that could happen|rachel what so you go over there you tell him you think he is cute what is the worst that could happen
    COMMERCIAL VOICEOVER|0|MONICA: He could hear me|monica he could hear me
    COMMERCIAL VOICEOVER|0|RACHEL: OK, I'm doin' it for ya|rachel ok i am doin it for ya
    COMMERCIAL VOICEOVER|0|MONICA: Oh Rachel don't, don't you dare, don't, don't|monica oh rachel do not do not you dare do not do not
    COMMERCIAL VOICEOVER|0|Tell him I cook|tell him i cook
    COMMERCIAL VOICEOVER|0|RACHEL: Excuse me|rachel excuse me
    COMMERCIAL VOICEOVER|0|Hi|hi
    COMMERCIAL VOICEOVER|0|VAN DAMME: Hi|van damme hi
    COMMERCIAL VOICEOVER|0|RACHEL: Um, this is gonna sound kinda goofy but uhhm, my friend over there, who cooks by the way, um, she thinks you're cute|rachel um this is gonna sound kinda goofy but uhhm my friend over there who cooks by the way um she thinks you are cute
    COMMERCIAL VOICEOVER|0|VAN DAMME: You don't think I'm cute|van damme you do not think i am cute
    COMMERCIAL VOICEOVER|0|RACHEL: I, I don't know, um, do you think you're cute|rachel i i do not know um do you think you are cute
    COMMERCIAL VOICEOVER|0|OK, we're kinda gettin' off the track here|ok we are kinda gettin off the track here
    COMMERCIAL VOICEOVER|0|Um, I was supposed to come here and tell you my friend thinks you're cute|um i was supposed to come here and tell you my friend thinks you are cute
    COMMERCIAL VOICEOVER|0|So what should I tell her|so what should i tell her
    COMMERCIAL VOICEOVER|0|VAN DAMME: You can tell her I think her friend is cute|van damme you can tell her i think her friend is cute
    COMMERCIAL VOICEOVER|0|CHANDLER: No, Stephen Hurs was the kid who would eat anything for money, David Stein was the guy who had no elbows|chandler no stephen hurs was the kid who would eat anything for money david stein was the guy who had no elbows
    COMMERCIAL VOICEOVER|0|SUSIE: OK, well then who was the kid that got caught masturbating|susie ok well then who was the kid that got caught masturbating
    COMMERCIAL VOICEOVER|0|CHANDLER: OK that's not what he was doing|chandler ok that is not what he was doing
    COMMERCIAL VOICEOVER|0|Alright, he was looking for his bus money|alright he was looking for his bus money
    COMMERCIAL VOICEOVER|0|SUSIE: Oh that's me, I gotta go|susie oh that is me i gotta go
    COMMERCIAL VOICEOVER|0|CHANDLER: Oh uh, o, OK|chandler oh uh o ok
    COMMERCIAL VOICEOVER|0|SUSIE: Um, so listen, how many times am I gonna have to touch you on the arm before you ask me on a date|susie um so listen how many times am i gonna have to touch you on the arm before you ask me on a date
    COMMERCIAL VOICEOVER|0|CHANDLER: Well, uh, let's try one more|chandler well uh let us try one more
    COMMERCIAL VOICEOVER|0|there you go, say Ernie's, 8 o'clock|there you go say ernies of the clock
    COMMERCIAL VOICEOVER|0|SUSIE: I'll be there, and who knows, if things go well, maybe this time I'll get to see your underwear|susie i will be there and who knows if things go well maybe this time i will get to see your underwear
    COMMERCIAL VOICEOVER|0|CHANDLER: No one was around to hear that|chandler no one was around to hear that
    COMMERCIAL VOICEOVER|0|MONICA: So what'd he say|monica so whatd he say
    COMMERCIAL VOICEOVER|0|RACHEL: Agh, what a jerk|rachel agh what a jerk
    COMMERCIAL VOICEOVER|0|I kept talking about you and he kept asking me out|i kept talking about you and he kept asking me out
    COMMERCIAL VOICEOVER|0|I mean, naturally, you know, I said no|i mean naturally you know i said no
    COMMERCIAL VOICEOVER|0|MONICA: Well, thanks anyway|monica well thanks anyway
    COMMERCIAL VOICEOVER|0|RACHEL: He just kept asking, and asking, and asking, and asking, and asking, and asking|rachel he just kept asking and asking and asking and asking and asking and asking
    COMMERCIAL VOICEOVER|0|MONICA: Rachel if you, if you want to go out with him, you can|monica rachel if you if you want to go out with him you can
    COMMERCIAL VOICEOVER|0|Sound like a big jerk to me but if that's what you want to do|sound like a big jerk to me but if that is what you want to do
    COMMERCIAL VOICEOVER|0|RACHEL: Jean-Claude she said yes, I'll see you tonight|rachel jean claude she said yes i will see you tonight
    COMMERCIAL VOICEOVER|0|Thank you|thank you
    COMMERCIAL VOICEOVER|0|RACHEL: And then Jean-Claude took me to that place Crossroads and that's where we hung out with Drew Barrymore|rachel and then jean claude took me to that place crossroads and that is where we hung out with drew barrymore
    COMMERCIAL VOICEOVER|0|JOEY: Oh man, she's so smokin, she has got the greatest set of|joey oh man she is so smokin she has got the greatest set of
    COMMERCIAL VOICEOVER|0|no guys around, huh|no guys around huh
    COMMERCIAL VOICEOVER|0|RACHEL: Does anybody need anything|rachel does anybody need anything
    COMMERCIAL VOICEOVER|0|MONICA: Oh, I'll have an espresso|monica oh i will have an espresso
    COMMERCIAL VOICEOVER|0|Oh acutally, I'll get it|oh acutally i will get it
    COMMERCIAL VOICEOVER|0|If I ask you to, you'll probably end up drinking it yourself|if i ask you to you will probably end up drinking it yourself
    COMMERCIAL VOICEOVER|0|RACHEL: That is so unfair|rachel that is so unfair
    COMMERCIAL VOICEOVER|0|PHOEBE: I know|phoebe i know
    COMMERCIAL VOICEOVER|0|Oh, like you would drink her coffee after what you did to her with Van Damme|oh like you would drink her coffee after what you did to her with van damme
    COMMERCIAL VOICEOVER|0|ROSS: Hey Joey I have to cancel racketball for tonight, that was Marcel's trainer|ross hey joey i have to cancel racketball for tonight that was marcels trainer
    COMMERCIAL VOICEOVER|0|He's gonna let me have him for a couple of hours|he is gonna let me have him for a couple of hours
    COMMERCIAL VOICEOVER|0|JOEY: You're blowin' me off for a monkey|joey you are blowin me off for a monkey
    COMMERCIAL VOICEOVER|0|ROSS: Hey, we can rescedule for Saturday|ross hey we can rescedule for saturday
    COMMERCIAL VOICEOVER|0|JOEY: Yeah, unless you hook up with a bunch of pigeons|joey yeah unless you hook up with a bunch of pigeons
    COMMERCIAL VOICEOVER|0|CHANDLER: Hey, stick a fork in me, I am done|chandler hey stick a fork in me i am done
    COMMERCIAL VOICEOVER|0|PHOEBE: Stick a fork what|phoebe stick a fork what
    COMMERCIAL VOICEOVER|0|CHANDLER: Like, when you're cooking a steak|chandler like when you are cooking a steak
    COMMERCIAL VOICEOVER|0|PHOEBE: Oh, OK, I don't eat meat|phoebe oh ok i do not eat meat
    COMMERCIAL VOICEOVER|0|CHANDLER: Well then, how do you know when vegetables are done|chandler well then how do you know when vegetables are done
    COMMERCIAL VOICEOVER|0|PHOEBE: Well you know, you juist, you eat them and you can tell|phoebe well you know you juist you eat them and you can tell
    COMMERCIAL VOICEOVER|0|CHANDLER: OK, then, eat me, I'm done|chandler ok then eat me i am done
    COMMERCIAL VOICEOVER|0|CHANDLER: I've met the perfect woman|chandler i have met the perfect woman
    COMMERCIAL VOICEOVER|0|OK, we're sitting on her couch, we're fooling around, and then suddenly she turns to me and says, 'Do you ever want to do it in an elevator|ok we are sitting on her couch we are fooling around and then suddenly she turns to me and says do you ever want to do it in an elevator
    COMMERCIAL VOICEOVER|0|'  MONICA: What did you say|monica what did you say
    COMMERCIAL VOICEOVER|0|CHANDLER: Ahh, I believe my exact words were, 'Flaign,en - sten'|chandler ahh i believe my exact words were flaign en sten
    COMMERCIAL VOICEOVER|0|I mean I didn't know what to say, how do you know if you wanna do it on an elevator|i mean i did not know what to say how do you know if you wanna do it on an elevator
    COMMERCIAL VOICEOVER|0|PHOEBE: Oh, you just know|phoebe oh you just know
    COMMERCIAL VOICEOVER|0|SUSIE: Oh, shoot, we gotta go, got a reservation in 30 minutes|susie oh shoot we gotta go got a reservation in minutes
    COMMERCIAL VOICEOVER|0|CHANDLER: Oh no no no no, no no no no no no, you see, what I had planned shouldn't take more that 2, 3 minutes tops|chandler oh no no no no no no no no no no you see what i had planned should not take more that minutes tops
    COMMERCIAL VOICEOVER|0|SUSIE: Oh, 200 seconds of passion|susie oh seconds of passion
    COMMERCIAL VOICEOVER|0|We gotta go|we gotta go
    COMMERCIAL VOICEOVER|0|SUSIE: But um, here's an idea, have you ever worn women's underwear|susie but um here is an idea have you ever worn womens underwear
    COMMERCIAL VOICEOVER|0|CHANDLER: Well, ye, yes, actually, but, uh, they were my Aunt Edna's, and there were three of us in there|chandler well ye yes actually but uh they were my aunt ednas and there were three of us in there
    COMMERCIAL VOICEOVER|0|SUSIE: Well I was thinking it would be um, kind of sexy if you wore mine tonight, at dinner|susie well i was thinking it would be um kind of sexy if you wore mine tonight at dinner
    COMMERCIAL VOICEOVER|0|CHANDLER: You want me to wear your panties|chandler you want me to wear your panties
    COMMERCIAL VOICEOVER|0|SUSIE: Could ya|susie could ya
    COMMERCIAL VOICEOVER|0|CHANDLER: Well, if I was wearing your underwear then, uh, what would you be wearing|chandler well if i was wearing your underwear then uh what would you be wearing
    COMMERCIAL VOICEOVER|0|You're swell|you are swell
    COMMERCIAL VOICEOVER|0|ROSS: OK, got the music, got the dinner|ross ok got the music got the dinner
    COMMERCIAL VOICEOVER|0|Oh and check it out, I made Marcel's favorite dish, banannacake|oh and check it out i made marcels favorite dish banannacake
    COMMERCIAL VOICEOVER|0|JOEY: Oooh|joey oooh
    COMMERCIAL VOICEOVER|0|ROSS: With mealworms|ross with mealworms
    COMMERCIAL VOICEOVER|0|JOEY: Yaaahhh|joey yaaahhh
    COMMERCIAL VOICEOVER|0|Ahhh, candles|ahhh candles
    COMMERCIAL VOICEOVER|0|What'dya thinks gonna happen here tonight|whatdya thinks gonna happen here tonight
    COMMERCIAL VOICEOVER|0|ROSS: Hello|ross hello
    COMMERCIAL VOICEOVER|0|Oh hi, are you on your way ove-|oh hi are you on your way ove
    COMMERCIAL VOICEOVER|0|Oh|oh
    COMMERCIAL VOICEOVER|0|No, no, I, I understand, I mean a monkey's gotta work|no no i i understand i mean a monkeys gotta work
    COMMERCIAL VOICEOVER|0|No it, it's no big deal, it' not like I uh, had anything special planned|no it it is no big deal it not like i uh had anything special planned
    COMMERCIAL VOICEOVER|0|Yeah OK, OK|yeah ok ok
    COMMERCIAL VOICEOVER|0|OK, OK, bye|ok ok bye
    COMMERCIAL VOICEOVER|0|PHOEBE: OK, Rachel, why don't you start talking first|phoebe ok rachel why do not you start talking first
    COMMERCIAL VOICEOVER|0|RACHEL: Alright, I feel that this is totally unjustified|rachel alright i feel that this is totally unjustified
    COMMERCIAL VOICEOVER|0|She gave me the green light, I did nothing but-|she gave me the green light i did nothing but
    COMMERCIAL VOICEOVER|0|Do you think I can't see you in the TV set|do you think i cannot see you in the tv set
    COMMERCIAL VOICEOVER|0|PHOEBE: Alright Monica, if there is something that you would like to share|phoebe alright monica if there is something that you would like to share
    COMMERCIAL VOICEOVER|0|MONICA: Ya know, you had no right to go out with him|monica ya know you had no right to go out with him
    COMMERCIAL VOICEOVER|0|RACHEL: That is the most ridiculous|rachel that is the most ridiculous
    COMMERCIAL VOICEOVER|0|MONICA: You sold me out|monica you sold me out
    COMMERCIAL VOICEOVER|0|RACHEL: I did not sell you out|rachel i did not sell you out
    COMMERCIAL VOICEOVER|0|MONICA: Yes you did|monica yes you did
    COMMERCIAL VOICEOVER|0|Absolutely|absolutely
    COMMERCIAL VOICEOVER|0|RACHEL: Would you let me talk|rachel would you let me talk
    COMMERCIAL VOICEOVER|0|MONICA: Did you just flick me|monica did you just flick me
    COMMERCIAL VOICEOVER|0|RACHEL: OK, well, you wouldn't let me finish and I was jus-  Ow|rachel ok well you would not let me finish and i was jus ow
    COMMERCIAL VOICEOVER|0|That hurt   MONICA: Quit flicking   RACHEL: Ow, you stop flicking|that hurt monica quit flicking rachel ow you stop flicking
    COMMERCIAL VOICEOVER|0|MONICA: You flicked me first|monica you flicked me first
    COMMERCIAL VOICEOVER|0|PHOEBE: OK, now I'm gonna kick some ass|phoebe ok now i am gonna kick some ass
    COMMERCIAL VOICEOVER|0|MONICA AND RACHEL: Ow|monica and rachel ow
    COMMERCIAL VOICEOVER|0|Ow|ow
    COMMERCIAL VOICEOVER|0|Ow|ow
    COMMERCIAL VOICEOVER|0|PHOEBE: Alright, now I will let go if you both stop|phoebe alright now i will let go if you both stop
    COMMERCIAL VOICEOVER|0|RACHEL: Oh, what do you, you want me to stop seeing him, is that what you want|rachel oh what do you you want me to stop seeing him is that what you want
    COMMERCIAL VOICEOVER|0|MONICA: Uh-huh|monica uh huh
    COMMERCIAL VOICEOVER|0|RACHEL: You want me to just call him up and tell him that you're seeing him instead|rachel you want me to just call him up and tell him that you are seeing him instead
    COMMERCIAL VOICEOVER|0|That's what you want|that is what you want
    COMMERCIAL VOICEOVER|0|MONICA: OK|monica ok
    COMMERCIAL VOICEOVER|0|RACHEL: Oh that's what you want|rachel oh that is what you want
    COMMERCIAL VOICEOVER|0|MONICA: Yes|monica yes
    COMMERCIAL VOICEOVER|0|RACHEL: Fine|rachel fine
    COMMERCIAL VOICEOVER|0|MONICA: Fine,  PHOEBE: There we go|monica fine phoebe there we go
    COMMERCIAL VOICEOVER|0|You know what, if we were in prison, you guys would be, like, my bitches|you know what if we were in prison you guys would be like my bitches
    COMMERCIAL VOICEOVER|0|ROSS: Thanks for letting me tag along tonight you guys|ross thanks for letting me tag along tonight you guys
    COMMERCIAL VOICEOVER|0|JOEY: Forget about it|joey forget about it
    COMMERCIAL VOICEOVER|0|SUSIE: How you doin there squirmy|susie how you doin there squirmy
    COMMERCIAL VOICEOVER|0|CHANDLER: I'm hangin in|chandler i am hangin in
    COMMERCIAL VOICEOVER|0|and a little out|and a little out
    COMMERCIAL VOICEOVER|0|JOEY: So, assistant to the director|joey so assistant to the director
    COMMERCIAL VOICEOVER|0|That's a really exciting job, I mean, you must have a ton of cool responsibilities|that is a really exciting job i mean you must have a ton of cool responsibilities
    COMMERCIAL VOICEOVER|0|DIRECTOR'S ASSISTANT: I have nothing to do with casting|directors assistant i have nothing to do with casting
    COMMERCIAL VOICEOVER|0|JOEY: So what're you guys gonna eat|joey so what are you guys gonna eat
    COMMERCIAL VOICEOVER|0|SUSIE: How come all I can think about is putting that ice in my mouth and licking you all over|susie how come all i can think about is putting that ice in my mouth and licking you all over
    COMMERCIAL VOICEOVER|0|CHANDLER: Because I went to an all boys high school and God is making up for it|chandler because i went to an all boys high school and god is making up for it
    COMMERCIAL VOICEOVER|0|SUSIE: I want you right here, right now|susie i want you right here right now
    COMMERCIAL VOICEOVER|0|CHANDLER: Right now, right here|chandler right now right here
    COMMERCIAL VOICEOVER|0|Don't ya think we're in kind of a public plaaaa  They do have the shrimp|do not ya think we are in kind of a public plaaaa they do have the shrimp
    COMMERCIAL VOICEOVER|0|SUSIE: Meet me in the bathroom|susie meet me in the bathroom
    COMMERCIAL VOICEOVER|0|CHANDLER: I'm going to the bathroom now|chandler i am going to the bathroom now
    COMMERCIAL VOICEOVER|0|SUSIE: C'mon|susie cmon
    COMMERCIAL VOICEOVER|0|CHANDLER: I can't believe we're doing this|chandler i cannot believe we are doing this
    COMMERCIAL VOICEOVER|0|SUSIE: Alright mister, let's see those panties|susie alright mister let us see those panties
    COMMERCIAL VOICEOVER|0|CHANDLER: Alrighty|chandler alrighty
    COMMERCIAL VOICEOVER|0|SUSIE: Ooh|susie ooh
    COMMERCIAL VOICEOVER|0|Ooh|ooh
    COMMERCIAL VOICEOVER|0|But ya know what would be even sexier|but ya know what would be even sexier
    COMMERCIAL VOICEOVER|0|CHANDLER: What|chandler what
    COMMERCIAL VOICEOVER|0|SUSIE: If you didn't have your shirt tucked into them|susie if you did not have your shirt tucked into them
    COMMERCIAL VOICEOVER|0|CHANDLER: Oh|chandler oh
    COMMERCIAL VOICEOVER|0|SUSIE: Alright|susie alright
    COMMERCIAL VOICEOVER|0|Now I would like to see you wearing nothing but them|now i would like to see you wearing nothing but them
    COMMERCIAL VOICEOVER|0|Take your clothes off|take your clothes off
    COMMERCIAL VOICEOVER|0|CHANDLER: OK, but uh, I hope you realize this means we're gonna miss hearing about the specials|chandler ok but uh i hope you realize this means we are gonna miss hearing about the specials
    COMMERCIAL VOICEOVER|0|SUSIE: C'mon hurry, hurry|susie cmon hurry hurry
    COMMERCIAL VOICEOVER|0|CHANDLER: Hey, do you want this done quick, or do you want this done right|chandler hey do you want this done quick or do you want this done right
    COMMERCIAL VOICEOVER|0|SUSIE: Alright, turn around|susie alright turn around
    COMMERCIAL VOICEOVER|0|Time to see you from behind|time to see you from behind
    COMMERCIAL VOICEOVER|0|CHANDLER: OK|chandler ok
    COMMERCIAL VOICEOVER|0|SUSIE: Oh, somebody's been doing his buns of steel video|susie oh somebodys been doing his buns of steel video
    COMMERCIAL VOICEOVER|0|CHANDLER: Well, you want me to uh, clench anything, or-|chandler well you want me to uh clench anything or
    COMMERCIAL VOICEOVER|0|Susie|susie
    COMMERCIAL VOICEOVER|0|Susie|susie
    COMMERCIAL VOICEOVER|0|SUSIE: This is for the fourth grade|susie this is for the fourth grade
    COMMERCIAL VOICEOVER|0|CHANDLER: Huh|chandler huh
    COMMERCIAL VOICEOVER|0|Where, whaddya mean|where whaddya mean
    COMMERCIAL VOICEOVER|0|SUSIE: Whaddo I mean|susie whaddo i mean
    COMMERCIAL VOICEOVER|0|Whaddya mean, whaddo I mean|whaddya mean whaddo i mean
    COMMERCIAL VOICEOVER|0|I mean underpants, mister, that's what I mean|i mean underpants mister that is what i mean
    COMMERCIAL VOICEOVER|0|CHANDLER: What, what's what you mean|chandler what what is what you mean
    COMMERCIAL VOICEOVER|0|SUSIE: My skirt, you lifted, kids laughing|susie my skirt you lifted kids laughing
    COMMERCIAL VOICEOVER|0|I was Susie Underpants 'till I was 18|i was susie underpants till i was
    COMMERCIAL VOICEOVER|0|CHANDLER: That was in the fourth grade|chandler that was in the fourth grade
    COMMERCIAL VOICEOVER|0|How could you still be upset about that|how could you still be upset about that
    COMMERCIAL VOICEOVER|0|SUSIE: Well um, why don't you call me in 20 years and tell me if you're still upset about this|susie well um why do not you call me in years and tell me if you are still upset about this
    COMMERCIAL VOICEOVER|0|CHANDLER: Alright, I hope you realize you're not getting these underpants back|chandler alright i hope you realize you are not getting these underpants back
    COMMERCIAL VOICEOVER|0|MONICA: I can't believe this, just like 2 weeks ago I was watching Sudden Death, now I'm on a date with Jean-Claude Van Damme|monica i cannot believe this just like weeks ago i was watching sudden death now i am on a date with jean claude van damme
    COMMERCIAL VOICEOVER|0|Can you beat up that guy|can you beat up that guy
    COMMERCIAL VOICEOVER|0|Can you beat up that guy|can you beat up that guy
    COMMERCIAL VOICEOVER|0|VAN DAMME: Sure|van damme sure
    COMMERCIAL VOICEOVER|0|MONICA: This is so wild|monica this is so wild
    COMMERCIAL VOICEOVER|0|Ya know, I gotta admit, I was kinda surprised that you agreed to go on a blind date|ya know i gotta admit i was kinda surprised that you agreed to go on a blind date
    COMMERCIAL VOICEOVER|0|VAN DAMME: Normally, I would not do it|van damme normally i would not do it
    COMMERCIAL VOICEOVER|0|MONICA: Well, what made you make the exception for me|monica well what made you make the exception for me
    COMMERCIAL VOICEOVER|0|VAN DAMME: 'Cause Rachel told me uh, you were dying to have a threesome with me and uh, Drew Barrymore|van damme because rachel told me uh you were dying to have a threesome with me and uh drew barrymore
    COMMERCIAL VOICEOVER|0|By the way, Drew has some groundrules and|by the way drew has some groundrules and
    COMMERCIAL VOICEOVER|0|MONICA: Say you're sorry|monica say you are sorry
    COMMERCIAL VOICEOVER|0|RACHEL: No|rachel no
    COMMERCIAL VOICEOVER|0|MONICA: Say it|monica say it
    COMMERCIAL VOICEOVER|0|RACHEL: No|rachel no
    COMMERCIAL VOICEOVER|0|MONICA: Rachel, you say you're sorry or your sweater gets it|monica rachel you say you are sorry or your sweater gets it
    COMMERCIAL VOICEOVER|0|RACHEL: OK, OK, that is my favorite sweater, that is my third date sweater|rachel ok ok that is my favorite sweater that is my third date sweater
    COMMERCIAL VOICEOVER|0|MONICA: Say you're sorry|monica say you are sorry
    COMMERCIAL VOICEOVER|0|RACHEL: OK, you wanna play|rachel ok you wanna play
    COMMERCIAL VOICEOVER|0|OK, let's play, let's play|ok let us play let us play
    COMMERCIAL VOICEOVER|0|MONICA: What're you gonna do|monica what are you gonna do
    COMMERCIAL VOICEOVER|0|RACHEL: You give me back my sweater or it's handbag marinara|rachel you give me back my sweater or it is handbag marinara
    COMMERCIAL VOICEOVER|0|MONICA: You don't have the guts|monica you do not have the guts
    COMMERCIAL VOICEOVER|0|RACHEL: Oh yeah|rachel oh yeah
    COMMERCIAL VOICEOVER|0|Well, at least I wasn't too chicken to tell some guy I thought he was cute|well at least i was not too chicken to tell some guy i thought he was cute
    COMMERCIAL VOICEOVER|0|PHOEBE: Oh alright, stop, STOP THE MADNESS|phoebe oh alright stop stop the madness
    COMMERCIAL VOICEOVER|0|This is crazy|this is crazy
    COMMERCIAL VOICEOVER|0|Who can even remember why this even started in the first place|who can even remember why this even started in the first place
    COMMERCIAL VOICEOVER|0|PHOEBE: Yes that's right|phoebe yes that is right
    COMMERCIAL VOICEOVER|0|But still, I-, look at your purse, look at your sweater, look at yourselves|but still i look at your purse look at your sweater look at yourselves
    COMMERCIAL VOICEOVER|0|MONICA: I'll help you fix your sweater|monica i will help you fix your sweater
    COMMERCIAL VOICEOVER|0|RACHEL: I'll help you throw out your purse|rachel i will help you throw out your purse
    COMMERCIAL VOICEOVER|0|MONICA: I'm sorry that I made you stop seeing him|monica i am sorry that i made you stop seeing him
    COMMERCIAL VOICEOVER|0|RACHEL: Well, I'm sorry I went out with him when I knew you liked him|rachel well i am sorry i went out with him when i knew you liked him
    COMMERCIAL VOICEOVER|0|MONICA: I'm sorry that I borrowed your gloves       CHANDLER: Joey|monica i am sorry that i borrowed your gloves chandler joey
    COMMERCIAL VOICEOVER|0|JOEY: Ma|joey ma
    COMMERCIAL VOICEOVER|0|CHANDLER: Joey|chandler joey
    COMMERCIAL VOICEOVER|0|JOEY: Chandler|joey chandler
    COMMERCIAL VOICEOVER|0|What're you still doin' here, I though you guys took off|what are you still doin here i though you guys took off
    COMMERCIAL VOICEOVER|0|CHANDLER: Oh, no no no, she took off with my clothes|chandler oh no no no she took off with my clothes
    COMMERCIAL VOICEOVER|0|JOEY: Are you naked in there|joey are you naked in there
    COMMERCIAL VOICEOVER|0|CHANDLER: Not exactly|chandler not exactly
    COMMERCIAL VOICEOVER|0|I'm wearin panties|i am wearin panties
    COMMERCIAL VOICEOVER|0|JOEY: Huh, you uh, you always wear panties|joey huh you uh you always wear panties
    COMMERCIAL VOICEOVER|0|CHANDLER: No, no, this is the first time|chandler no no this is the first time
    COMMERCIAL VOICEOVER|0|JOEY: Wow, talk about your bad luck, I mean, the first time you try panties and someone walks off with your clothes|joey wow talk about your bad luck i mean the first time you try panties and someone walks off with your clothes
    COMMERCIAL VOICEOVER|0|CHANDLER: I was not trying them out, Susie asked me to wear them|chandler i was not trying them out susie asked me to wear them
    COMMERCIAL VOICEOVER|0|JOEY: Well, let me see|joey well let me see
    COMMERCIAL VOICEOVER|0|CHANDLER: No|chandler no
    COMMERCIAL VOICEOVER|0|I'm not letting you or anybody else see, ever|i am not letting you or anybody else see ever
    COMMERCIAL VOICEOVER|0|JOEY: Alright, alright|joey alright alright
    COMMERCIAL VOICEOVER|0|Woah, someone's flossing|woah someones flossing
    COMMERCIAL VOICEOVER|0|ROSS:  Joey, some people don't like that|ross joey some people do not like that
    COMMERCIAL VOICEOVER|0|JOEY: Chandler's wearing panties|joey chandlers wearing panties
    COMMERCIAL VOICEOVER|0|ROSS: What|ross what
    COMMERCIAL VOICEOVER|0|Let me see|let me see
    COMMERCIAL VOICEOVER|0|CHANDLER: No, no, you don't have to see|chandler no no you do not have to see
    COMMERCIAL VOICEOVER|0|ROSS: Hi Tushie|ross hi tushie
    COMMERCIAL VOICEOVER|0|CHANDLER: Alright, one of you give me your underpants|chandler alright one of you give me your underpants
    COMMERCIAL VOICEOVER|0|JOEY: Can't help you, I'm not wearing any|joey cannot help you i am not wearing any
    COMMERCIAL VOICEOVER|0|CHANDLER: How can you not be wearing any underwear|chandler how can you not be wearing any underwear
    COMMERCIAL VOICEOVER|0|JOEY: Oh, I'm gettin' heat from the guy in the hot pink thong|joey oh i am gettin heat from the guy in the hot pink thong
    COMMERCIAL VOICEOVER|0|CHANDLER: Alright look Ross I'll give you 50 dollars for your underpants|chandler alright look ross i will give you dollars for your underpants
    COMMERCIAL VOICEOVER|0|ALL: Hi|all hi
    COMMERCIAL VOICEOVER|0|CHANDLER: Hey Phoebs, can I have the milk after you|chandler hey phoebs can i have the milk after you
    COMMERCIAL VOICEOVER|0|PHOEBE: I'm almost done with it, keep your panties on|phoebe i am almost done with it keep your panties on
    COMMERCIAL VOICEOVER|0|JOEY: Hey, hey, and I'm in the movie|joey hey hey and i am in the movie
    COMMERCIAL VOICEOVER|0|ROSS: What happened|ross what happened
    COMMERCIAL VOICEOVER|0|JOEY: One of the virus victims called in sick, so Cathy recommended me and boom, I'm dying on the gurney|joey one of the virus victims called in sick so cathy recommended me and boom i am dying on the gurney
    COMMERCIAL VOICEOVER|0|Oh Ross, Marcel just finished his last scene if you want to go down there and say goodbye|oh ross marcel just finished his last scene if you want to go down there and say goodbye
    COMMERCIAL VOICEOVER|0|ROSS: Ahh, oh that's OK, I mean, he's probably got, you know, parties to go to and stuff|ross ahh oh that is ok i mean he is probably got you know parties to go to and stuff
    COMMERCIAL VOICEOVER|0|But, ya know, he's moved on|but ya know he is moved on
    COMMERCIAL VOICEOVER|0|Hey, that, that's the way it goes right|hey that that is the way it goes right
    COMMERCIAL VOICEOVER|0|PHOEBE:  Oh my God|phoebe oh my god
    COMMERCIAL VOICEOVER|0|ROSS: What|ross what
    COMMERCIAL VOICEOVER|0|VAN DAMME:  I'm sorry it didn't work out between you and me,  or you and me|van damme i am sorry it did not work out between you and me or you and me
    COMMERCIAL VOICEOVER|0|Drew was very disappointed|drew was very disappointed
    COMMERCIAL VOICEOVER|0|RACHEL: OK, well, bye|rachel ok well bye
    COMMERCIAL VOICEOVER|0|VAN DAMME: Goodbye|van damme goodbye
    COMMERCIAL VOICEOVER|0|MONICA: Well, bye for me too|monica well bye for me too
    COMMERCIAL VOICEOVER|0|RACHEL: OK, well, bye-bye again|rachel ok well bye bye again
    COMMERCIAL VOICEOVER|0|MONICA: OK|monica ok
    COMMERCIAL VOICEOVER|0|VAN DAMME: Perhaps, uh, the three of us, just could|van damme perhaps uh the three of us just could
    COMMERCIAL VOICEOVER|0|MONICA AND RACHEL: Oh, no no no no no|monica and rachel oh no no no no no
    COMMERCIAL VOICEOVER|0|VAN DAMME: Are you sure, I can crush a walnut with my butt|van damme are you sure i can crush a walnut with my butt
    COMMERCIAL VOICEOVER|0|MONICA AND RACHEL: No no no no|monica and rachel no no no no
    COMMERCIAL VOICEOVER|0|RACHEL: Impressive|rachel impressive
    COMMERCIAL VOICEOVER|0|MONICA: But no|monica but no
    COMMERCIAL VOICEOVER|0|Maybe if I were baking|maybe if i were baking
    COMMERCIAL VOICEOVER|0|MONICA AND RACHEL: Bye-bye|monica and rachel bye bye
    COMMERCIAL VOICEOVER|0|ROSS: Bye Marcel|ross bye marcel
    COMMERCIAL VOICEOVER|0|See ya on the big screen|see ya on the big screen
    COMMERCIAL VOICEOVER|0|You keep people drinkin' that beer, OK|you keep people drinkin that beer ok
    COMMERCIAL VOICEOVER|0|I miss you buddy|i miss you buddy
    COMMERCIAL VOICEOVER|0|PHOEBE: You know, I think I want to write a song about all this|phoebe you know i think i want to write a song about all this
    COMMERCIAL VOICEOVER|0|RACHEL: Oh yeah|rachel oh yeah
    COMMERCIAL VOICEOVER|0|PHOEBE: Yeah|phoebe yeah
    COMMERCIAL VOICEOVER|0|Oh, except one of the strings on my guitar is broken|oh except one of the strings on my guitar is broken
    COMMERCIAL VOICEOVER|0|Hey, Chandler, can I borrow your G-string|hey chandler can i borrow your g string
    COMMERCIAL VOICEOVER|0|CHANDLER: How long you been waitin' to say that|chandler how long you been waitin to say that
    COMMERCIAL VOICEOVER|0|PHOEBE: About 20 minutes|phoebe about minutes
    COMMERCIAL VOICEOVER|0|CLOSING CREDITS     VAN DAMME: Can't you see what's going on here, this man is dying|closing credits van damme cannot you see what is going on here this man is dying
    COMMERCIAL VOICEOVER|0|JOEY: Aaaaagggghhhhh|joey aaaaagggghhhhh
    COMMERCIAL VOICEOVER|0|DIRECTOR: Cut|director cut
    COMMERCIAL VOICEOVER|0|VAN DAMME: Can't you see what's going on here, this man is dying|van damme cannot you see what is going on here this man is dying
    COMMERCIAL VOICEOVER|0|JOEY: Aaaaagggghhhhh|joey aaaaagggghhhhh
    COMMERCIAL VOICEOVER|0|DIRECTOR: Cut|director cut
    COMMERCIAL VOICEOVER|0|VAN DAMME: Can't you see what's going on here, this man is dying|van damme cannot you see what is going on here this man is dying
    COMMERCIAL VOICEOVER|0|JOEY: Aaaaagggghhhhh|joey aaaaagggghhhhh
    COMMERCIAL VOICEOVER|0|Mommy  DIRECTOR: Cut|mommy director cut
    COMMERCIAL VOICEOVER|0|VAN DAMME: Can't you see what's going on here, this man is dead|van damme cannot you see what is going on here this man is dead
